{"stats":{"minecraft:used":{"minecraft:iron_shovel":3263,"born_in_chaos_v1:intoxicating_decoction":1,"minecraft:chest":11,"minecraft:iron_sword":1824,"alexsmobs:medium_catfish_bucket":1,"minecraft:iron_chestplate":1,"dungeonnowloading:wooden_wall_rack":1,"a_man_with_plushies:blissey_plush":1,"variantvanillablocks:spruce_crafting_table":5,"minecraft:iron_helmet":1,"minecraft:item_frame":1,"minecraft:red_carpet":2,"minecraft:dark_oak_boat":1,"minecraft:furnace":2,"minecraft:egg":3,"dungeonnowloading:wooden_wall_platform":1,"minecraft:oak_planks":4,"minecraft:stone_pickaxe":531,"minecraft:wooden_pickaxe":59,"variantvanillablocks:dark_oak_crafting_table":1,"jeg:bolt_action_rifle":123,"born_in_chaos_v1:monster_flesh":1,"minecraft:bread":147,"born_in_chaos_v1:rotten_fish":1,"variantvanillablocks:spruce_chest":6,"minecraft:andesite":5,"minecraft:iron_bars":2,"minecraft:stone_sword":126,"minecraft:armor_stand":1,"minecraft:stone_shovel":406,"minecraft:spruce_planks":42,"minecraft:wooden_shovel":1,"minecraft:torch":109,"minecraft:dirt":2374,"minecraft:granite":3,"a_man_with_plushies:off_plush":1,"minecraft:dark_oak_planks":1,"minecraft:wooden_axe":17,"minecraft:iron_axe":64,"minecraft:iron_boots":1,"minecraft:mud_bricks":2,"a_man_with_plushies:plush_box":4,"tombstone:gift":10,"minecraft:cooked_beef":50,"minecraft:iron_leggings":2,"minecraft:water_bucket":126,"minecraft:green_bed":4,"minecraft:crafting_table":8,"variantvanillablocks:birch_crafting_table":2,"minecraft:apple":12,"minecraft:sunflower":1,"minecraft:iron_pickaxe":1948,"minecraft:stone_axe":100,"jeg:scrap_workbench":1,"minecraft:cobblestone":151,"minecraft:bucket":129,"alexsmobs:animal_dictionary":1,"minecraft:dandelion":1,"minecraft:smooth_stone":2},"minecraft:crafted":{"minecraft:oak_planks":156,"minecraft:iron_boots":2,"sophisticatedbackpacks:copper_backpack":2,"minecraft:chest":10,"minecraft:wooden_shovel":1,"variantvanillablocks:spruce_crafting_table":5,"minecraft:crafting_table":6,"minecraft:spruce_planks":124,"minecraft:wooden_pickaxe":1,"minecraft:iron_helmet":1,"minecraft:copper_ingot":40,"minecraft:birch_planks":12,"minecraft:diamond_pickaxe":1,"minecraft:stick":128,"minecraft:iron_ingot":104,"minecraft:iron_pickaxe":8,"minecraft:stone_sword":1,"minecraft:stone_shovel":3,"minecraft:furnace":2,"variantvanillablocks:spruce_chest":6,"jeg:scrap_workbench":1,"minecraft:iron_axe":2,"minecraft:stone_pickaxe":4,"variantvanillablocks:birch_crafting_table":1,"minecraft:dark_oak_planks":16,"sophisticatedbackpacks:iron_backpack":2,"minecraft:iron_sword":6,"lightmanscurrency:coinpile_copper":142,"sophisticatedbackpacks:gold_backpack":2,"minecraft:bucket":1,"minecraft:stone_axe":1,"jeg:scrap_block":1,"minecraft:bread":2,"minecraft:air":0,"variantvanillablocks:dark_oak_crafting_table":1,"minecraft:wooden_axe":1,"minecraft:iron_shovel":14,"minecraft:iron_leggings":2,"minecraft:torch":52},"minecraft:picked_up":{"minecraft:wooden_axe":1,"minecraft:iron_chestplate":5,"minecraft:wheat":18,"minecraft:chainmail_boots":1,"simplehats:hatbag_rare":22,"artifacts:bunny_hoppers":1,"artifacts:umbrella":1,"minecraft:lead":2,"minecraft:enchanted_book":2,"minecraft:potion":2,"ancient_elements:raw_palladium":9,"minecraft:music_disc_cat":2,"minecraft:string":467,"minecraft:raw_copper":85,"minecraft:iron_leggings":3,"minecraft:armor_stand":4,"minecraft:zombie_head":1,"ancient_elements:meteorite_block":34,"minecraft:smooth_stone":4,"minecraft:gold_nugget":29,"minecraft:cobbled_deepslate":17,"minecraft:bucket":1,"minecraft:spruce_planks":63,"minecraft:calcite":2,"minecraft:wooden_shovel":1,"minecraft:mangrove_log":2,"minecraft:iron_boots":3,"minecraft:stick":22,"born_in_chaos_v1:shattered_skull":4,"minecraft:composter":1,"minecraft:torch":95,"minecraft:green_bed":4,"born_in_chaos_v1:pileof_dark_metal":2,"a_man_with_plushies:plush_box":2,"tombstone:grave_dust":24,"minecraft:diorite":1,"born_in_chaos_v1:nightmare_claw":1,"minecraft:golden_chestplate":1,"gobber2:gobber2_foo":5,"simplehats:camerabeard":1,"minecraft:rotten_flesh":172,"artifacts:villager_hat":2,"jeg:rifle_ammo":255,"create:asurine":8,"create:veridium":16,"tombstone:scroll_of_aquatic_life":1,"supplementaries:ash":48,"minecraft:obsidian":10,"minecraft:iron_bars":4,"minecraft:cobblestone":2400,"minecraft:birch_log":3,"minecraft:magma_block":18,"minecraft:leather_chestplate":2,"minecraft:feather":4,"minecraft:cooked_beef":108,"farmersdelight:rice":4,"ancient_elements:steel_helmet":1,"minecraft:water_bucket":1,"minecraft:andesite":10,"minecraft:black_bed":2,"minecraft:dark_oak_boat":2,"minecraft:potato":69,"ancient_elements:raw_lead":4,"minecraft:flint":150,"minecraft:stripped_spruce_wood":6,"create:raw_zinc":51,"supplementaries:flax_seeds":7,"jeg:scrap":191,"minecraft:lapis_lazuli":71,"minecraft:dirt":3119,"simplehats:hatbag_epic":15,"born_in_chaos_v1:monster_skin":11,"minecraft:leather_boots":2,"bhc:red_heart":45,"a_man_with_plushies:off_plush":1,"minecraft:bone":153,"minecraft:chipped_anvil":1,"simplehats:cyclopseye":3,"minecraft:bow":9,"gobber2:gobber2_gooey_beef":6,"minecraft:wheat_seeds":61,"jeg:shotgun_shell":112,"minecraft:raw_gold":11,"dungeonnowloading:dungeon_wall_torch":2,"ancient_elements:steel_boots":1,"gobber2:gobber2_globette":1,"a_man_with_plushies:blissey_plush":1,"minecraft:mossy_stone_bricks":12,"simplehats:hatbag_uncommon":33,"minecraft:oak_planks":8,"minecraft:mossy_stone_brick_stairs":1,"gobber2:gobber2_gooey_bread":9,"ancient_elements:aero_charge":6,"mca:comb":1,"minecraft:stripped_spruce_log":31,"minecraft:grass_block":3,"dungeonnowloading:wooden_wall_rack":1,"minecraft:dark_oak_log":4,"simplehats:crystal_horns":2,"minecraft:barrel":2,"alexsmobs:animal_dictionary":1,"minecraft:mossy_cobblestone":17,"minecraft:bundle":4,"simplehats:the_noisier":3,"minecraft:diamond":7,"simplehats:policebucket":2,"jeg:repair_kit":1,"minecraft:crossbow":1,"minecraft:granite":26,"minecraft:bone_meal":1,"minecraft:bread":137,"minecraft:chainmail_helmet":2,"minecraft:emerald":12,"alexsmobs:maggot":8,"born_in_chaos_v1:rotten_fish":1,"minecraft:oak_sapling":16,"minecraft:netherrack":12,"gobber2:gobber2_goo":15,"minecraft:charcoal":23,"minecraft:coarse_dirt":3,"minecraft:crafting_table":2,"minecraft:mud":2,"born_in_chaos_v1:diamond_termite_shard":1,"minecraft:allium":7,"dungeonnowloading:wooden_wall_platform":1,"born_in_chaos_v1:river_mint":2,"minecraft:clay_ball":3,"born_in_chaos_v1:seedof_chaos":2,"ancient_elements:cloud":3,"dungeonnowloading:cobblestone_pebble":2,"minecraft:chain":1,"minecraft:brick":31,"simplehats:udder_hat":1,"minecraft:iron_axe":2,"minecraft:item_frame":1,"variantvanillablocks:spruce_crafting_table":5,"born_in_chaos_v1:intoxicating_decoction":3,"minecraft:compass":1,"minecraft:iron_shovel":2,"dungeonnowloading:spawner_fragment":7,"ancient_elements:aetherial_shard":3,"minecraft:cracked_stone_bricks":4,"tombstone:scroll_of_unstable_intangibility":1,"minecraft:iron_nugget":10,"minecraft:spruce_slab":7,"minecraft:chest":2,"minecraft:phantom_membrane":2,"minecraft:spruce_trapdoor":3,"minecraft:egg":3,"minecraft:raw_iron":136,"ancient_elements:raw_steel":11,"simplehats:hatbag_common":46,"minecraft:glow_item_frame":2,"minecraft:copper_ingot":128,"sophisticatedbackpacks:backpack":3,"artifacts:vampiric_glove":1,"jeg:bolt_action_rifle":1,"ancient_elements:raw_tin":36,"born_in_chaos_v1:pieceofdarkmetal":13,"minecraft:redstone":80,"minecraft:dark_oak_planks":7,"jeg:healing_talisman":3,"minecraft:arrow":56,"minecraft:stone_shovel":1,"minecraft:decorated_pot":1,"variantvanillablocks:spruce_chest":2,"minecraft:stripped_dark_oak_wood":4,"minecraft:gold_ingot":36,"tombstone:essence_of_undeath":2,"born_in_chaos_v1:trident_hayfork":1,"alexsmobs:ghostly_pickaxe":1,"minecraft:skeleton_skull":1,"minecraft:bone_block":9,"born_in_chaos_v1:fused_bone":4,"born_in_chaos_v1:corpse_maggot":32,"minecraft:clock":1,"ancient_elements:steel_chestplate":1,"minecraft:mud_bricks":2,"minecraft:dark_oak_button":4,"born_in_chaos_v1:monster_flesh":13,"minecraft:glow_ink_sac":2,"minecraft:leather":1,"gobber2:gobber2_gooey_beefstew":2,"minecraft:birch_planks":4,"minecraft:filled_map":1,"minecraft:oak_log":43,"minecraft:chainmail_chestplate":1,"minecraft:lily_pad":26,"minecraft:golden_boots":2,"minecraft:gunpowder":24,"mca:book_romance":1,"minecraft:white_banner":1,"tombstone:gift":2,"minecraft:red_carpet":2,"minecraft:apple":10,"minecraft:stone_bricks":3,"variantvanillablocks:birch_crafting_table":1,"lightmanscurrency:wallet_copper":1,"minecraft:iron_ingot":255,"artifacts:whoopee_cushion":1,"minecraft:stone_pickaxe":2,"artifacts:kitty_slippers":1,"tombstone:bag_of_seeds":2,"jeg:tech_trash":22,"lightmanscurrency:coin_iron":598,"minecraft:iron_sword":3,"minecraft:book":4,"ancient_elements:mining_helmet_helmet":1,"minecraft:dark_oak_slab":8,"minecraft:brush":1,"born_in_chaos_v1:ethereal_spirit":26,"minecraft:dandelion":1,"minecraft:spyglass":1,"minecraft:gravel":1285,"born_in_chaos_v1:dark_rod":2,"minecraft:amethyst_shard":14,"minecraft:spruce_sapling":4,"born_in_chaos_v1:fangofthe_hound_leader":3,"minecraft:spruce_log":56,"minecraft:spider_eye":97,"minecraft:green_carpet":4,"minecraft:spruce_door":1,"minecraft:leather_helmet":2,"variantvanillablocks:dark_oak_crafting_table":1,"lightmanscurrency:coin_copper":1744,"ancient_elements:steel_leggings":1,"minecraft:pumpkin_seeds":31,"minecraft:slime_ball":18,"jeg:ectoplasm":9,"minecraft:gray_banner":2,"minecraft:chainmail_leggings":4,"lightmanscurrency:coin_gold":26,"minecraft:iron_helmet":4,"minecraft:mossy_cobblestone_stairs":1,"tombstone:magic_scroll":3,"minecraft:coal":423,"minecraft:sunflower":1,"minecraft:ender_pearl":3},"minecraft:mined":{"dungeonnowloading:spikes":10,"create:deepslate_zinc_ore":31,"minecraft:spruce_planks":5,"minecraft:granite":9,"minecraft:grass_block":1742,"gobber2:gobber2_lucky_block":20,"minecraft:mud_bricks":2,"minecraft:spawner":3,"minecraft:smooth_stone":3,"minecraft:magma_block":18,"minecraft:mossy_cobblestone_stairs":1,"farmersdelight:wild_rice":4,"minecraft:iron_ore":121,"minecraft:fire":36,"born_in_chaos_v1:black_argillite_brick_stairs":2,"ancient_elements:tin_ore":18,"minecraft:azure_bluet":1,"variantvanillablocks:spruce_chest":2,"biomesoplenty:hanging_cobweb":2,"create:asurine":8,"dungeonnowloading:wooden_wall_rack":3,"biomesoplenty:webbing":14,"minecraft:iron_bars":4,"create:veridium":16,"minecraft:green_bed":3,"minecraft:spruce_slab":1,"minecraft:deepslate_redstone_ore":13,"born_in_chaos_v1:infected_deepslate_diamond_ore":1,"dungeonnowloading:dungeon_wall_torch":2,"minecraft:torch":30,"minecraft:calcite":3,"minecraft:chest":1,"ancient_elements:cloud":2,"ancient_elements:deepslate_tin_ore":17,"minecraft:cobblestone":48,"minecraft:oak_planks":3,"minecraft:wall_torch":26,"minecraft:skeleton_skull":2,"minecraft:seagrass":1,"variantvanillablocks:dark_oak_crafting_table":1,"minecraft:wheat":9,"biomesoplenty:maple_leaves":1,"minecraft:black_bed":2,"minecraft:grass":55,"dungeonnowloading:explosive_barrel":8,"minecraft:oak_log":39,"dungeonnowloading:wooden_wall_platform":1,"minecraft:dirt":675,"minecraft:netherrack":12,"minecraft:oak_leaves":54,"minecraft:deepslate":24,"create:zinc_ore":22,"minecraft:diamond_ore":1,"minecraft:light_gray_stained_glass_pane":1,"ancient_elements:lead_ore":6,"minecraft:mossy_cobblestone":11,"minecraft:deepslate_diamond_ore":2,"minecraft:sea_lantern":1,"born_in_chaos_v1:infected_diamond_ore":1,"minecraft:glow_lichen":1,"minecraft:decorated_pot":12,"dungeonnowloading:book_pile":2,"minecraft:brown_mushroom_block":1,"ancient_elements:meteorite_block":36,"minecraft:spruce_leaves":20,"minecraft:redstone_ore":4,"minecraft:packed_mud":1,"minecraft:gray_wall_banner":2,"minecraft:andesite":35,"minecraft:stripped_spruce_log":4,"variantvanillablocks:birch_crafting_table":1,"minecraft:bell":1,"minecraft:deepslate_iron_ore":12,"minecraft:vine":2,"ancient_elements:palladium_ore":9,"variantvanillablocks:spruce_crafting_table":3,"biomesoplenty:spider_egg":2,"minecraft:stone":1382,"minecraft:bone_block":9,"sophisticatedbackpacks:backpack":1,"minecraft:podzol":2,"ancient_elements:steel_ore":11,"minecraft:glass_pane":1,"jeg:scrap_ore":46,"minecraft:dandelion":1,"minecraft:crafting_table":4,"minecraft:emerald_ore":2,"a_man_with_plushies:yellow_pikmin_plush":1,"minecraft:campfire":5,"minecraft:copper_ore":24,"minecraft:tall_grass":8,"minecraft:lapis_ore":11,"biomesoplenty:sprout":13,"minecraft:deepslate_gold_ore":10,"minecraft:lily_pad":3,"supplementaries:urn":14,"jeg:deepslate_scrap_ore":23,"minecraft:coarse_dirt":3,"minecraft:gray_bed":1,"minecraft:spruce_log":31,"gobber2:gobber2_lucky_block_deepslate":15,"minecraft:coal_ore":389,"minecraft:sunflower":1,"minecraft:flower_pot":1,"minecraft:gravel":1403,"biomesoplenty:stringy_cobweb":1,"minecraft:cobweb":44,"minecraft:cracked_stone_bricks":2,"minecraft:stone_bricks":1,"minecraft:chipped_anvil":1,"minecraft:mossy_stone_bricks":6,"minecraft:gold_ore":1,"minecraft:dark_oak_planks":1},"minecraft:custom":{"minecraft:interact_with_crafting_table":107,"minecraft:open_barrel":98,"minecraft:bell_ring":18,"minecraft:leave_game":8,"minecraft:time_since_death":314758,"minecraft:sprint_one_cm":612838,"minecraft:drop":402,"minecraft:talked_to_villager":3,"minecraft:play_time":794744,"minecraft:deaths":4,"minecraft:jump":8533,"minecraft:walk_on_water_one_cm":126756,"minecraft:interact_with_furnace":44,"minecraft:sleep_in_bed":5,"minecraft:waystone_activated":4,"minecraft:damage_dealt":86997,"minecraft:crouch_one_cm":434308,"tombstone:undead_killed":208,"minecraft:interact_with_smoker":4,"minecraft:mob_kills":718,"minecraft:damage_dealt_resisted":2196,"minecraft:climb_one_cm":24443,"minecraft:walk_one_cm":2779550,"minecraft:damage_dealt_absorbed":312,"minecraft:sneak_time":75892,"minecraft:walk_under_water_one_cm":127272,"minecraft:boat_one_cm":216897,"minecraft:total_world_time":794744,"tombstone:raider_killed":16,"minecraft:time_since_rest":419,"minecraft:damage_taken":20896,"minecraft:swim_one_cm":91193,"minecraft:fly_one_cm":1031406,"minecraft:open_chest":238,"minecraft:fall_one_cm":113448},"minecraft:broken":{"minecraft:iron_shovel":13,"minecraft:iron_boots":4,"minecraft:iron_chestplate":3,"minecraft:iron_leggings":2,"minecraft:stone_pickaxe":3,"minecraft:stone_axe":1,"minecraft:iron_sword":7,"minecraft:stone_shovel":3,"minecraft:chainmail_leggings":1,"minecraft:stone_sword":1,"minecraft:wooden_pickaxe":1,"minecraft:leather_boots":1,"minecraft:iron_pickaxe":7,"minecraft:iron_helmet":5},"minecraft:killed":{"born_in_chaos_v1:zombie_clown":1,"minecraft:cave_spider":275,"minecraft:witch":2,"born_in_chaos_v1:restless_spirit":13,"born_in_chaos_v1:skeleton_demoman":3,"minecraft:spider":76,"born_in_chaos_v1:siamese_skeletonsright":1,"minecraft:zombie_horse":2,"born_in_chaos_v1:scarlet_persecutor":7,"minecraft:skeleton":57,"alexsmobs:centipede_head":1,"jeg:ghoul":1,"born_in_chaos_v1:diamond_termite":2,"minecraft:creeper":9,"minecraft:zombie":113,"born_in_chaos_v1:dread_hound":9,"born_in_chaos_v1:corpse_fly":9,"alexsmobs:fly":2,"born_in_chaos_v1:door_knight":1,"born_in_chaos_v1:siamese_skeletonsleft":1,"minecraft:vindicator":1,"alexsmobs:seagull":2,"minecraft:slime":30,"born_in_chaos_v1:maggot":22,"minecraft:phantom":13,"born_in_chaos_v1:dire_hound_leader":1,"takesapillage:clay_golem":1,"born_in_chaos_v1:corpse_fish":4,"alexsmobs:underminer":2,"minecraft:drowned":4,"born_in_chaos_v1:swarmer":1,"ancient_elements:aetherial_glaze":6,"jeg:boo":1,"born_in_chaos_v1:decrepit_skeleton":6,"born_in_chaos_v1:bloody_gadfly":1,"alexsmobs:crocodile":1,"minecraft:enderman":3},"minecraft:dropped":{"minecraft:iron_sword":2,"minecraft:birch_planks":8,"lightmanscurrency:coin_copper":10,"minecraft:oak_log":4,"minecraft:glass_bottle":1,"minecraft:dark_oak_slab":8,"dungeonnowloading:cobblestone_pebble":2,"minecraft:glow_item_frame":2,"minecraft:black_bed":1,"minecraft:dark_oak_button":4,"minecraft:mossy_stone_brick_stairs":1,"minecraft:cracked_stone_bricks":4,"born_in_chaos_v1:pieceofdarkmetal":1,"born_in_chaos_v1:pileof_dark_metal":1,"minecraft:leather_helmet":2,"farmersdelight:rice":4,"minecraft:flint":14,"minecraft:emerald":1,"minecraft:dirt":258,"tombstone:bag_of_seeds":1,"jeg:shotgun_shell":96,"minecraft:brush":1,"mca:comb":1,"minecraft:stripped_dark_oak_wood":4,"minecraft:bone_meal":1,"minecraft:bone_block":9,"minecraft:phantom_membrane":1,"minecraft:iron_pickaxe":1,"minecraft:dark_oak_planks":14,"minecraft:dark_oak_boat":1,"jeg:tech_trash":1,"minecraft:armor_stand":2,"minecraft:gold_ingot":1,"minecraft:bone":90,"minecraft:gravel":68,"ancient_elements:cloud":2,"minecraft:golden_chestplate":1,"simplehats:the_noisier":2,"alexsmobs:animal_dictionary":2,"minecraft:cobbled_deepslate":17,"minecraft:wheat":14,"tombstone:gift":1,"minecraft:rotten_flesh":160,"artifacts:villager_hat":2,"variantvanillablocks:spruce_crafting_table":3,"minecraft:leather_chestplate":1,"supplementaries:flax_seeds":7,"supplementaries:ash":32,"minecraft:mangrove_log":2,"minecraft:gunpowder":15,"artifacts:umbrella":1,"simplehats:hatbag_uncommon":2,"minecraft:charcoal":10,"minecraft:chainmail_boots":1,"born_in_chaos_v1:corpse_maggot":24,"minecraft:leather_boots":1,"minecraft:spruce_slab":7,"minecraft:iron_bars":2,"minecraft:arrow":20,"minecraft:netherrack":7,"minecraft:iron_ingot":32,"minecraft:water_bucket":3,"minecraft:golden_boots":1,"minecraft:bread":34,"minecraft:stripped_spruce_log":28,"born_in_chaos_v1:shattered_skull":1,"minecraft:wheat_seeds":59,"minecraft:mossy_cobblestone":16,"minecraft:feather":2,"minecraft:iron_helmet":1,"minecraft:cobblestone":162,"minecraft:lead":2,"minecraft:book":2,"minecraft:apple":2,"minecraft:granite":21,"minecraft:spruce_door":1,"minecraft:chainmail_helmet":1,"minecraft:coal":29,"minecraft:stick":35,"mca:book_romance":2,"minecraft:diorite":1,"minecraft:torch":34,"simplehats:cyclopseye":2,"minecraft:wooden_axe":2,"born_in_chaos_v1:fused_bone":2,"minecraft:green_carpet":4,"minecraft:iron_leggings":3,"minecraft:iron_axe":1,"minecraft:mossy_cobblestone_stairs":1,"minecraft:smooth_stone":2,"simplehats:crystal_horns":1,"minecraft:chainmail_leggings":1,"minecraft:iron_shovel":1,"minecraft:string":300,"minecraft:lily_pad":17,"minecraft:music_disc_cat":1,"artifacts:bunny_hoppers":1,"minecraft:spruce_sapling":4,"alexsmobs:maggot":3,"minecraft:coarse_dirt":2,"minecraft:composter":1,"minecraft:stone_shovel":1,"minecraft:clay_ball":3,"minecraft:iron_boots":1,"sophisticatedbackpacks:backpack":1,"dungeonnowloading:spawner_fragment":1,"minecraft:pumpkin_seeds":31,"lightmanscurrency:coin_gold":1,"minecraft:filled_map":1,"minecraft:potato":40,"minecraft:allium":7,"minecraft:spruce_planks":43,"minecraft:spruce_trapdoor":3,"minecraft:bundle":2,"minecraft:iron_chestplate":3,"minecraft:andesite":5,"minecraft:mossy_stone_bricks":12,"minecraft:oak_sapling":13,"minecraft:wooden_shovel":2,"minecraft:spider_eye":53,"minecraft:barrel":2,"minecraft:stone_bricks":3,"minecraft:spruce_log":2,"minecraft:bow":7,"minecraft:stone_pickaxe":3,"minecraft:calcite":2,"minecraft:stripped_spruce_wood":6,"minecraft:brick":4}},"DataVersion":3465}