{"stats":{"minecraft:crafted":{"minecraft:oak_planks":124,"lightmanscurrency:coinpile_iron":29,"minecraft:dark_oak_boat":3,"variantvanillablocks:dark_oak_chest":2,"ancient_elements:steel_sword":3,"minecraft:oak_button":22,"ancient_elements:steel_axe":1,"minecraft:crafting_table":1,"minecraft:spruce_planks":24,"ancient_elements:steel_shovel":1,"ancient_elements:steel_chestplate":3,"minecraft:iron_chestplate":1,"minecraft:stick":44,"ancient_elements:steel_pickaxe":3,"ancient_elements:steel_helmet":3,"ancient_elements:steel_boots":4,"ancient_elements:steel_leggings":3,"minecraft:iron_axe":1,"minecraft:dark_oak_planks":56,"minecraft:wheat":1152,"minecraft:iron_sword":1,"lightmanscurrency:coinpile_copper":85,"minecraft:bread":341,"minecraft:white_wool":42,"variantvanillablocks:dark_oak_crafting_table":2,"minecraft:torch":228},"minecraft:used":{"minecraft:moss_block":1,"minecraft:cherry_sapling":22,"minecraft:chiseled_deepslate":3,"minecraft:spruce_slab":21,"minecraft:axolotl_spawn_egg":3,"minecraft:decorated_pot":1,"minecraft:chest":3,"minecraft:iron_sword":275,"minecraft:stone":3830,"ancient_elements:steel_axe":1,"dungeonnowloading:wooden_wall_rack":1,"minecraft:cracked_deepslate_tiles":115,"easy_npc:humanoid_spawn_egg":1,"ancient_elements:steel_pickaxe":215,"minecraft:glass":14,"variantvanillablocks:spruce_crafting_table":1,"minecraft:polished_blackstone_slab":24,"minecraft:jungle_sapling":41,"minecraft:cyan_terracotta":10,"minecraft:lava_bucket":7,"minecraft:mangrove_stairs":13,"minecraft:lantern":1,"minecraft:grass_block":2062,"connectedglass:scratched_glass":3,"minecraft:tropical_fish_spawn_egg":7,"minecraft:dark_oak_button":2,"rechiseled:andesite_dotted_connecting":3,"gobber2:gobber2_hammer":133,"minecraft:stone_bricks":14,"minecraft:bedrock":586,"supplementaries:daub_cross_brace":35,"minecraft:dark_oak_boat":6,"supplementaries:ash":9,"jeg:revolver":9,"minecraft:polished_blackstone_stairs":17,"minecraft:dark_oak_sapling":126,"minecraft:emerald_ore":1,"minecraft:mossy_stone_bricks":17,"cfm:stripped_mangrove_upgraded_fence":192,"rechiseled:stone_big_tiles_connecting":49,"minecraft:oak_planks":101,"minecraft:stone_pickaxe":129,"variantvanillablocks:dark_oak_crafting_table":8,"minecraft:white_wool":22,"jeg:gunmetal_workbench":1,"minecraft:sand":1,"ancient_elements:steel_boots":2,"ancient_elements:tin_ore":1,"mca:female_villager_spawn_egg":4,"jeg:bolt_action_rifle":1,"rechiseled:cobbled_deepslate_brick_paving":4,"rechiseled:stone_small_bricks":34,"waystones:waystone":5,"ancient_elements:steel_sword":101,"sophisticatedbackpacks:backpack":7,"lightmanscurrency:coinpile_copper":2,"minecraft:dark_oak_log":110,"minecraft:bread":106,"minecraft:string":11,"create:asurine":1,"rechiseled:cobbled_deepslate_pillar":3,"minecraft:gravel":17,"minecraft:andesite":48,"minecraft:smooth_stone_slab":4,"a_man_with_plushies:red_pikmin_plush":3,"minecraft:oak_fence":4,"minecraft:tropical_fish_bucket":7,"minecraft:coarse_dirt":1,"minecraft:bone_meal":364,"minecraft:experience_bottle":945,"rechiseled:basalt_bordered_connecting":9,"minecraft:stone_sword":1,"create:limestone":1,"minecraft:stone_shovel":94,"ancient_elements:steel_helmet":1,"create:veridium":1,"minecraft:spruce_planks":27,"lightmanscurrency:ticket_kiosk":1,"jeg:holy_shotgun":17,"jeg:pump_shotgun":625,"minecraft:torch":568,"minecraft:spyglass":25,"minecraft:dirt":144,"jeg:gunnite_workbench":1,"minecraft:granite":8,"cfm:stripped_mangrove_upgraded_gate":35,"minecraft:mud_brick_stairs":22,"ancient_elements:cloud":6,"minecraft:oak_fence_gate":8,"ancient_elements:titanium_sword":97,"born_in_chaos_v1:supreme_measure":7,"minecraft:dark_oak_planks":1,"minecraft:sea_lantern":30,"minecraft:chipped_anvil":1,"minecraft:iron_axe":310,"minecraft:spawner":1,"lightmanscurrency:vending_machine":1,"connectedglass:borderless_glass":5,"variantvanillablocks:dark_oak_chest":2,"rechiseled:stone_brick_pattern_connecting":56,"rechiseled:stone_smooth_tiles":8,"minecraft:light_gray_wool":53,"jeg:double_barrel_shotgun":1,"minecraft:black_stained_glass":8,"tombstone:gift":4,"ancient_elements:titanium_chestplate":1,"ancient_elements:titanium_axe":2,"minecraft:cooked_beef":61,"minecraft:brown_bed":2,"minecraft:cobbled_deepslate":94,"minecraft:cobbled_deepslate_wall":29,"ancient_elements:titanium_pickaxe":1040,"minecraft:iron_leggings":1,"sophisticatedbackpacks:gold_backpack":1,"minecraft:water_bucket":82,"minecraft:iron_ore":38,"minecraft:dirt_path":7,"minecraft:bundle":2,"minecraft:polished_andesite":125,"minecraft:iron_golem_spawn_egg":155,"rechiseled:blackstone_diagonal_bricks_connecting":64,"rechiseled:andesite_diagonal_bricks_connecting":149,"lightmanscurrency:freezer":1,"minecraft:llama_spawn_egg":6,"minecraft:cracked_stone_bricks":2,"minecraft:polished_deepslate_slab":65,"connectedglass:clear_glass":45,"cfm:mangrove_upgraded_gate":3,"minecraft:crafting_table":2,"cfm:stripped_mangrove_park_bench":7,"minecraft:spruce_log":9,"rechiseled:basalt_tiles":1,"ancient_elements:steel_shovel":428,"minecraft:iron_pickaxe":380,"tombstone:magic_scroll":2,"minecraft:leather_helmet":1,"jeg:scrap_workbench":2,"minecraft:cobblestone":219,"rechiseled:stone_smooth_brick_paving_connecting":4,"minecraft:bucket":44,"rechiseled:basalt_patterned_connecting":110,"minecraft:gray_wool":31,"minecraft:splash_potion":1,"minecraft:smooth_stone":122},"minecraft:picked_up":{"minecraft:wooden_axe":2,"minecraft:iron_chestplate":6,"simplehats:hatbag_rare":8,"minecraft:flower_pot":1,"minecraft:lead":4,"artifacts:bunny_hoppers":1,"minecraft:brown_bed":3,"minecraft:potion":1,"minecraft:string":255,"create:limestone":1,"minecraft:smooth_stone_slab":4,"minecraft:iron_leggings":3,"ancient_elements:meteorite_block":2,"minecraft:smooth_stone":123,"minecraft:gold_nugget":26,"minecraft:cobbled_deepslate":103,"ancient_elements:steel_ingot":10,"minecraft:spruce_planks":5,"minecraft:iron_pickaxe":1,"minecraft:mangrove_log":3,"minecraft:golden_helmet":2,"minecraft:stick":33,"born_in_chaos_v1:shattered_skull":4,"minecraft:oak_fence":4,"minecraft:torch":145,"tombstone:grave_dust":27,"minecraft:diorite":11,"born_in_chaos_v1:black_argillite_brick_stairs":1,"minecraft:rotten_flesh":154,"minecraft:tropical_fish":3,"supplementaries:antique_ink":3,"create:asurine":1,"create:veridium":1,"supplementaries:ash":52,"minecraft:obsidian":36,"minecraft:cobblestone":1816,"farmersdelight:rice":1,"minecraft:leather_chestplate":1,"minecraft:feather":2,"minecraft:cooked_beef":74,"simplehats:cucumbereyemask":1,"ancient_elements:steel_helmet":1,"minecraft:water_bucket":5,"minecraft:andesite":17,"minecraft:dark_oak_boat":6,"minecraft:mud_brick_stairs":1,"minecraft:potato":6,"ancient_elements:raw_lead":1,"minecraft:flint":20,"supplementaries:flax_seeds":2,"jeg:scrap":29,"minecraft:stripped_birch_log":12,"minecraft:dirt":635,"minecraft:lantern":1,"simplehats:hatbag_epic":5,"born_in_chaos_v1:monster_skin":8,"bhc:red_heart":15,"minecraft:bone":119,"minecraft:chipped_anvil":1,"simplehats:artsy":1,"minecraft:bow":2,"gobber2:gobber2_gooey_beef":2,"minecraft:wheat_seeds":14,"jeg:shotgun_shell":271,"minecraft:raw_gold":1,"minecraft:bell":1,"gobber2:gobber2_globette":81,"minecraft:mossy_stone_bricks":30,"rechiseled:chisel":1,"simplehats:hatbag_uncommon":18,"minecraft:moss_block":1,"minecraft:oak_planks":7,"gobber2:gobber2_gooey_bread":1,"ancient_elements:aero_charge":4,"simplehats:twilight_doll":1,"mca:comb":2,"minecraft:sand":1,"minecraft:lily_of_the_valley":1,"dungeonnowloading:wooden_wall_rack":1,"minecraft:dark_oak_log":252,"alexsmobs:animal_dictionary":3,"minecraft:mossy_cobblestone":5,"minecraft:bundle":2,"minecraft:polished_andesite":7,"simplehats:the_noisier":1,"minecraft:diamond":1,"waystones:waystone":1,"jeg:holy_shotgun":1,"minecraft:granite":8,"minecraft:bone_meal":2,"minecraft:emerald":7,"alexsmobs:maggot":12,"minecraft:netherrack":2,"gobber2:gobber2_goo":4,"rechiseled:andesite_diagonal_bricks_connecting":1,"minecraft:coarse_dirt":2,"sophisticatedbackpacks:gold_backpack":2,"minecraft:crafting_table":1,"minecraft:allium":2,"minecraft:chicken":1,"simplehats:crabonhead":1,"minecraft:nether_wart":4,"born_in_chaos_v1:river_mint":2,"minecraft:clay_ball":7,"minecraft:leather_leggings":1,"minecraft:brown_mushroom":1,"ancient_elements:cloud":3,"simplehats:poofballrgb":1,"variantvanillablocks:spruce_crafting_table":1,"born_in_chaos_v1:intoxicating_decoction":4,"dungeonnowloading:spawner_fragment":9,"simplehats:raincloud":2,"minecraft:cracked_stone_bricks":4,"born_in_chaos_v1:gnawed_bones":5,"minecraft:poppy":8,"minecraft:spruce_slab":11,"minecraft:sugar_cane":3,"supplementaries:rope":10,"minecraft:chest":1,"minecraft:phantom_membrane":4,"minecraft:egg":3,"minecraft:dark_oak_sapling":4,"a_man_with_plushies:pig_plush":1,"minecraft:polished_deepslate_slab":11,"minecraft:stone":10,"simplehats:hatbag_common":31,"minecraft:copper_ingot":32,"rechiseled:cobbled_deepslate_pillar":63,"sophisticatedbackpacks:backpack":7,"ancient_elements:raw_tin":15,"simplehats:artsy_doll":1,"born_in_chaos_v1:pieceofdarkmetal":2,"minecraft:redstone":1,"minecraft:prismarine_crystals":2,"create:zinc_ingot":41,"minecraft:dark_oak_planks":8,"minecraft:arrow":72,"minecraft:decorated_pot":1,"minecraft:peony":5,"minecraft:gold_ingot":9,"tombstone:essence_of_undeath":1,"minecraft:bone_block":140,"minecraft:skeleton_skull":1,"minecraft:white_wool":2,"minecraft:cracked_deepslate_tiles":9,"born_in_chaos_v1:corpse_maggot":27,"minecraft:dark_oak_button":4,"born_in_chaos_v1:monster_flesh":11,"minecraft:fern":1,"minecraft:red_mushroom":2,"minecraft:filled_map":2,"minecraft:bedrock":2,"minecraft:oak_log":33,"minecraft:lily_pad":44,"minecraft:gunpowder":31,"mca:book_romance":3,"minecraft:white_banner":1,"tombstone:gift":1,"simplehats:axolotl_on_head":1,"rechiseled:stone_big_tiles_connecting":1,"minecraft:stone_bricks":14,"minecraft:kelp":21,"minecraft:iron_ingot":85,"artifacts:whoopee_cushion":6,"tombstone:bag_of_seeds":1,"simplehats:rgbpartyhat":1,"lightmanscurrency:coin_iron":388,"ancient_elements:tin_ingot":1,"minecraft:iron_sword":2,"jeg:tech_trash":5,"minecraft:scaffolding":5,"minecraft:smooth_basalt":1,"minecraft:sweet_berries":18,"born_in_chaos_v1:ethereal_spirit":12,"minecraft:gravel":182,"minecraft:spruce_sapling":1,"minecraft:spruce_log":8,"a_man_with_plushies:red_pikmin_plush":3,"minecraft:spider_eye":108,"minecraft:spruce_door":1,"minecraft:leather_helmet":1,"variantvanillablocks:dark_oak_crafting_table":7,"alexscaves:smooth_bone":18,"lightmanscurrency:coin_copper":1634,"ancient_elements:steel_leggings":2,"minecraft:slime_ball":51,"minecraft:gray_banner":1,"lightmanscurrency:coin_gold":6,"minecraft:iron_helmet":1,"tombstone:magic_scroll":4,"minecraft:coal":147},"minecraft:mined":{"dungeonnowloading:spikes":2,"create:deepslate_zinc_ore":43,"sophisticatedbackpacks:gold_backpack":1,"minecraft:obsidian":39,"minecraft:granite":7,"minecraft:grass_block":172,"gobber2:gobber2_ore_deepslate":56,"minecraft:smooth_stone":4,"minecraft:iron_ore":4,"minecraft:fire":108,"minecraft:cobbled_deepslate":3,"minecraft:brown_bed":3,"create:asurine":1,"minecraft:dirt_path":2,"minecraft:polished_deepslate_slab":5,"biomesoplenty:webbing":1,"create:veridium":1,"rechiseled:andesite_diagonal_bricks_connecting":1,"minecraft:tripwire":1,"minecraft:deepslate_redstone_ore":1,"dungeonnowloading:cobblestone_pebbles":1,"minecraft:torch":4,"minecraft:chest":1,"ancient_elements:deepslate_tin_ore":15,"minecraft:cobblestone":42,"minecraft:oak_planks":12,"minecraft:wall_torch":6,"variantvanillablocks:dark_oak_crafting_table":7,"minecraft:smooth_stone_slab":1,"minecraft:grass":58,"dungeonnowloading:explosive_barrel":2,"minecraft:oak_log":31,"minecraft:sand":1,"minecraft:dirt":150,"minecraft:smooth_basalt":1,"minecraft:oak_leaves":7,"minecraft:deepslate":101,"minecraft:mossy_cobblestone":1,"minecraft:dark_oak_leaves":13,"minecraft:deepslate_diamond_ore":1,"minecraft:dark_oak_log":224,"biomesoplenty:bush":1,"minecraft:decorated_pot":2,"minecraft:spruce_leaves":4,"minecraft:moss_block":1,"supplementaries:rope":4,"minecraft:gray_wall_banner":1,"minecraft:andesite":3,"biomesoplenty:high_grass":34,"minecraft:vine":1,"minecraft:lantern":1,"variantvanillablocks:spruce_crafting_table":1,"biomesoplenty:spider_egg":1,"minecraft:stone":1060,"minecraft:bone_block":131,"sophisticatedbackpacks:backpack":5,"minecraft:white_wool":2,"minecraft:scaffolding":4,"jeg:scrap_ore":10,"minecraft:potted_lily_of_the_valley":1,"minecraft:crafting_table":1,"a_man_with_plushies:yellow_pikmin_plush":1,"biomesoplenty:high_grass_plant":30,"minecraft:tall_grass":5,"biomesoplenty:sprout":8,"minecraft:deepslate_gold_ore":10,"minecraft:lily_pad":1,"minecraft:diorite":2,"supplementaries:urn":18,"jeg:deepslate_scrap_ore":1,"minecraft:sweet_berry_bush":9,"minecraft:spruce_log":6,"gobber2:gobber2_lucky_block_deepslate":7,"minecraft:coal_ore":50,"minecraft:gravel":138,"biomesoplenty:stringy_cobweb":3,"minecraft:cobweb":1,"minecraft:stone_bricks":14,"minecraft:mossy_stone_bricks":14,"minecraft:chipped_anvil":1,"dungeonnowloading:iron_ingot_pile":3},"minecraft:broken":{"minecraft:iron_chestplate":1,"minecraft:iron_leggings":1,"minecraft:stone_pickaxe":1,"minecraft:iron_sword":1,"minecraft:leather_helmet":1,"minecraft:iron_axe":1,"minecraft:leather_boots":1,"minecraft:iron_pickaxe":2,"minecraft:iron_helmet":1,"ancient_elements:titanium_pickaxe":1},"minecraft:custom":{"minecraft:interact_with_crafting_table":57,"minecraft:open_barrel":53,"minecraft:leave_game":12,"minecraft:time_since_death":597528,"minecraft:damage_resisted":379,"minecraft:sprint_one_cm":630429,"minecraft:drop":473,"minecraft:talked_to_villager":2,"minecraft:play_time":1072015,"minecraft:deaths":9,"minecraft:jump":9646,"minecraft:walk_on_water_one_cm":140206,"minecraft:interact_with_furnace":4,"minecraft:sleep_in_bed":2,"minecraft:waystone_activated":5,"tombstone:sneak_grave":11,"minecraft:damage_dealt":40073,"minecraft:crouch_one_cm":226705,"tombstone:undead_killed":188,"minecraft:interact_with_smoker":1,"minecraft:interact_with_smithing_table":1,"minecraft:mob_kills":524,"minecraft:damage_dealt_resisted":1500,"minecraft:climb_one_cm":21613,"minecraft:walk_one_cm":2968082,"minecraft:damage_dealt_absorbed":97,"minecraft:sneak_time":59466,"minecraft:walk_under_water_one_cm":114152,"minecraft:boat_one_cm":178473,"minecraft:interact_with_blast_furnace":1,"minecraft:total_world_time":1072015,"tombstone:raider_killed":15,"minecraft:time_since_rest":161731,"minecraft:damage_taken":10304,"minecraft:swim_one_cm":120797,"minecraft:fly_one_cm":4180181,"minecraft:open_chest":82,"minecraft:fall_one_cm":396802},"minecraft:killed":{"born_in_chaos_v1:zombie_clown":2,"minecraft:cave_spider":86,"minecraft:witch":3,"born_in_chaos_v1:zombie_lumberjack":5,"born_in_chaos_v1:restless_spirit":7,"born_in_chaos_v1:skeleton_demoman":3,"minecraft:spider":36,"minecraft:zombie_horse":4,"born_in_chaos_v1:baby_skeleton_minion":2,"minecraft:skeleton":61,"minecraft:bee":1,"minecraft:chicken":1,"born_in_chaos_v1:skeleton_thrasher":1,"minecraft:skeleton_horse":2,"jeg:ghoul":1,"born_in_chaos_v1:bonescaller":1,"minecraft:iron_golem":9,"minecraft:creeper":18,"minecraft:trader_llama":2,"minecraft:pillager":4,"minecraft:zombie":76,"born_in_chaos_v1:dread_hound":13,"born_in_chaos_v1:corpse_fly":13,"alexsmobs:fly":15,"born_in_chaos_v1:door_knight":1,"takesapillage:archer":1,"minecraft:vex":2,"minecraft:slime":61,"born_in_chaos_v1:zombie_bruiser":2,"born_in_chaos_v1:maggot":29,"minecraft:phantom":7,"takesapillage:clay_golem":1,"minecraft:drowned":3,"born_in_chaos_v1:barrel_zombie":1,"born_in_chaos_v1:fallen_chaos_knight":1,"born_in_chaos_v1:baby_skeleton":3,"born_in_chaos_v1:swarmer":2,"ancient_elements:aetherial_glaze":2,"born_in_chaos_v1:decrepit_skeleton":6,"alexsmobs:catfish":1,"born_in_chaos_v1:bloody_gadfly":3,"alexsmobs:crocodile":1,"born_in_chaos_v1:dark_vortex":1,"minecraft:enderman":1},"minecraft:dropped":{"sophisticatedbackpacks:iron_backpack":1,"minecraft:iron_sword":3,"minecraft:brown_mushroom":1,"minecraft:cooked_beef":266,"lightmanscurrency:coin_copper":341,"minecraft:emerald_ore":1,"minecraft:diamond":4,"ancient_elements:steel_sword":1,"minecraft:dark_oak_sapling":2,"minecraft:cracked_stone_bricks":2,"ancient_elements:raw_lead":1,"jeg:bolt_action_rifle":1,"jeg:scrap":58,"minecraft:bedrock":2,"minecraft:leather_helmet":3,"minecraft:red_mushroom":2,"farmersdelight:rice":1,"artifacts:vampiric_glove":1,"sophisticatedbackpacks:gold_backpack":1,"minecraft:flint":3,"minecraft:dirt":334,"tombstone:bag_of_seeds":1,"jeg:shotgun_shell":440,"minecraft:dark_oak_log":35,"supplementaries:rope":5,"simplehats:raincloud":2,"mca:comb":3,"ancient_elements:steel_helmet":4,"minecraft:cracked_deepslate_tiles":1,"minecraft:bone_meal":2,"minecraft:phantom_membrane":2,"simplehats:twilight_doll":1,"minecraft:dark_oak_planks":8,"minecraft:dark_oak_boat":2,"jeg:tech_trash":5,"simplehats:artsy_doll":1,"minecraft:gold_ingot":16,"minecraft:bone":43,"minecraft:gravel":128,"minecraft:stone_axe":1,"simplehats:hatbag_rare":1,"minecraft:spyglass":1,"simplehats:the_noisier":1,"alexsmobs:animal_dictionary":2,"minecraft:cobbled_deepslate":4,"simplehats:axolotl_on_head":1,"minecraft:obsidian":19,"tombstone:gift":1,"minecraft:rotten_flesh":79,"minecraft:fern":1,"jeg:rifle_ammo":160,"ancient_elements:raw_tin":15,"minecraft:leather_chestplate":4,"supplementaries:ash":43,"minecraft:mangrove_log":3,"minecraft:gunpowder":16,"bhc:heart_amulet":1,"simplehats:hatbag_uncommon":4,"born_in_chaos_v1:corpse_maggot":13,"minecraft:leather_boots":2,"ancient_elements:mining_helmet_helmet":1,"minecraft:leather_leggings":4,"rechiseled:chisel":1,"ancient_elements:steel_leggings":5,"artifacts:scarf_of_invisibility":1,"ancient_elements:steel_pickaxe":1,"minecraft:netherrack":2,"simplehats:hatbag_epic":8,"minecraft:egg":3,"minecraft:bread":235,"minecraft:water_bucket":4,"rechiseled:andesite_diagonal_bricks_connecting":1,"minecraft:iron_ingot":129,"born_in_chaos_v1:shattered_skull":1,"minecraft:wheat_seeds":10,"minecraft:golden_helmet":2,"minecraft:mossy_cobblestone":4,"minecraft:iron_helmet":1,"minecraft:feather":2,"minecraft:cobblestone":895,"minecraft:lead":2,"artifacts:whoopee_cushion":7,"minecraft:copper_ingot":128,"minecraft:spruce_door":1,"minecraft:grass_block":1,"minecraft:coal":24,"minecraft:stick":9,"mca:book_romance":3,"minecraft:diorite":11,"minecraft:torch":192,"minecraft:wooden_axe":2,"ancient_elements:steel_chestplate":3,"minecraft:mud_brick_stairs":1,"ancient_elements:steel_boots":4,"tombstone:grave_dust":20,"minecraft:potion":1,"minecraft:iron_leggings":2,"lightmanscurrency:wallet_copper":3,"minecraft:iron_axe":1,"minecraft:smooth_stone":2,"simplehats:crystal_horns":1,"minecraft:string":28,"minecraft:lily_pad":44,"minecraft:bucket":1,"artifacts:bunny_hoppers":2,"minecraft:redstone":1,"simplehats:artsy":1,"minecraft:kelp":21,"alexsmobs:maggot":6,"artifacts:kitty_slippers":1,"minecraft:nether_wart":4,"minecraft:stone_sword":1,"minecraft:chicken":1,"minecraft:polished_deepslate_slab":6,"minecraft:clay_ball":4,"sophisticatedbackpacks:backpack":1,"simplehats:crabonhead":1,"a_man_with_plushies:pig_plush":1,"dungeonnowloading:spawner_fragment":9,"lightmanscurrency:coin_gold":15,"simplehats:poofballrgb":1,"gobber2:gobber2_globette":33,"ancient_elements:tin_ingot":1,"minecraft:filled_map":2,"minecraft:potato":6,"minecraft:stone":1,"minecraft:flower_pot":1,"minecraft:oak_button":22,"jeg:holy_shotgun":1,"simplehats:hatbag_common":5,"minecraft:allium":2,"ancient_elements:aero_charge":4,"minecraft:bundle":2,"minecraft:iron_chestplate":5,"minecraft:andesite":5,"minecraft:mossy_stone_bricks":8,"artifacts:eternal_steak":1,"mca:needle_and_thread":1,"jeg:pump_shotgun":2,"supplementaries:bubble_blower":1,"minecraft:spider_eye":40,"minecraft:slime_ball":5,"lightmanscurrency:coin_iron":85,"minecraft:bow":1,"minecraft:stone_pickaxe":1,"gobber2:gobber2_hammer":1,"simplehats:rgbpartyhat":1,"waystones:waystone":1,"bhc:red_heart":18}},"DataVersion":3465}