{"stats":{"minecraft:custom":{"minecraft:mob_kills":44,"minecraft:interact_with_crafting_table":42,"minecraft:open_barrel":2,"minecraft:damage_dealt_resisted":19,"minecraft:leave_game":3,"minecraft:time_since_death":90681,"minecraft:climb_one_cm":16898,"minecraft:sprint_one_cm":343849,"minecraft:walk_one_cm":1466234,"minecraft:damage_blocked_by_shield":62,"minecraft:drop":420,"minecraft:play_time":395279,"minecraft:deaths":7,"minecraft:sneak_time":960,"minecraft:walk_under_water_one_cm":76437,"minecraft:boat_one_cm":132663,"minecraft:jump":3695,"minecraft:walk_on_water_one_cm":102135,"minecraft:total_world_time":395279,"minecraft:interact_with_furnace":10,"tombstone:raider_killed":1,"minecraft:time_since_rest":89879,"minecraft:damage_taken":6514,"minecraft:damage_dealt":7328,"minecraft:swim_one_cm":77906,"minecraft:fly_one_cm":74812,"minecraft:open_chest":61,"minecraft:crouch_one_cm":604,"tombstone:undead_killed":15,"minecraft:fall_one_cm":47484},"minecraft:dropped":{"born_in_chaos_v1:shattered_skull":1,"minecraft:wheat_seeds":21,"minecraft:oak_log":10,"lightmanscurrency:coin_copper":146,"minecraft:crafting_table":1,"minecraft:dark_oak_sapling":2,"minecraft:iron_helmet":1,"minecraft:feather":3,"minecraft:cobblestone":448,"minecraft:apple":4,"minecraft:cracked_stone_bricks":2,"a_man_with_plushies:red_pikmin_plush":3,"minecraft:coal":1,"minecraft:leather_helmet":5,"minecraft:red_mushroom":2,"minecraft:item_frame":2,"minecraft:stick":1,"minecraft:flint":2,"minecraft:cobweb":12,"irons_spellbooks:scroll":3,"born_in_chaos_v1:monster_flesh":3,"minecraft:dirt":128,"minecraft:dark_oak_log":4,"minecraft:leather_horse_armor":1,"tombstone:magic_scroll":1,"mca:comb":2,"born_in_chaos_v1:monster_skin":6,"irons_spellbooks:evocation_rune":1,"minecraft:map":3,"farmersdelight:onion":10,"tombstone:grave_dust":15,"minecraft:potion":1,"minecraft:green_carpet":4,"irons_spellbooks:arcane_essence":27,"irons_spellbooks:common_ink":1,"minecraft:phantom_membrane":1,"minecraft:sand":4,"irons_spellbooks:nature_rune":1,"minecraft:paper":1,"minecraft:string":23,"minecraft:dark_oak_boat":4,"minecraft:lily_pad":28,"minecraft:bucket":1,"minecraft:armor_stand":1,"minecraft:bone":14,"minecraft:gravel":10,"minecraft:moss_carpet":8,"simplehats:hatbag_rare":2,"minecraft:stone_axe":2,"irons_spellbooks:alchemist_cauldron":1,"minecraft:stone_sword":1,"minecraft:green_bed":4,"tombstone:gift":1,"irons_spellbooks:uncommon_ink":2,"minecraft:stripped_dark_oak_log":4,"minecraft:rotten_flesh":42,"minecraft:oak_planks":82,"ancient_elements:raw_tin":1,"minecraft:leather_chestplate":1,"supplementaries:ash":4,"minecraft:stone":2,"minecraft:flower_pot":1,"minecraft:sea_pickle":1,"minecraft:gunpowder":3,"simplehats:hatbag_common":1,"minecraft:bundle":1,"minecraft:spruce_planks":4,"simplehats:hatbag_uncommon":4,"minecraft:chest":1,"supplementaries:bubble_blower":1,"born_in_chaos_v1:corpse_maggot":4,"minecraft:leather_boots":1,"minecraft:oak_sapling":2,"minecraft:golden_sword":1,"minecraft:leather_leggings":2,"minecraft:spruce_slab":1,"minecraft:arrow":14,"lightmanscurrency:coin_iron":16,"minecraft:blue_orchid":2,"minecraft:bow":1,"minecraft:stone_pickaxe":1,"born_in_chaos_v1:marigolds":4,"minecraft:black_wool":2,"minecraft:egg":2},"minecraft:killed":{"minecraft:spider":3,"minecraft:slime":2,"minecraft:skeleton":10,"minecraft:chicken":1,"minecraft:drowned":1,"minecraft:pig":1,"born_in_chaos_v1:swarmer":1,"minecraft:iron_golem":1,"minecraft:creeper":1,"born_in_chaos_v1:decrepit_skeleton":2,"minecraft:sheep":4,"alexsmobs:catfish":3,"born_in_chaos_v1:bloody_gadfly":1,"minecraft:pillager":1,"minecraft:zombie":1,"irons_spellbooks:summoned_vex":2,"born_in_chaos_v1:dread_hound":4,"born_in_chaos_v1:corpse_fly":3},"minecraft:picked_up":{"irons_spellbooks:scroll":3,"minecraft:fishing_rod":2,"minecraft:crafting_table":5,"minecraft:allium":33,"minecraft:flower_pot":1,"simplehats:hatbag_rare":4,"minecraft:prismarine_shard":3,"minecraft:leather_leggings":2,"minecraft:golden_pickaxe":1,"minecraft:potion":2,"minecraft:chain":1,"minecraft:golden_sword":1,"minecraft:raw_copper":42,"minecraft:string":106,"minecraft:moss_carpet":8,"minecraft:iron_axe":1,"irons_spellbooks:nature_rune":1,"minecraft:item_frame":2,"minecraft:armor_stand":3,"minecraft:blue_orchid":15,"minecraft:sea_pickle":1,"minecraft:cracked_stone_bricks":2,"irons_spellbooks:arcane_essence":35,"minecraft:bucket":2,"minecraft:spruce_planks":4,"born_in_chaos_v1:gnawed_bones":1,"minecraft:iron_pickaxe":1,"minecraft:spruce_slab":1,"minecraft:chest":6,"minecraft:phantom_membrane":1,"minecraft:egg":2,"minecraft:dark_oak_sapling":3,"minecraft:stick":2,"minecraft:raw_iron":27,"minecraft:stone":5,"a_man_with_plushies:pig_plush":1,"born_in_chaos_v1:shattered_skull":1,"simplehats:hatbag_common":5,"minecraft:torch":35,"minecraft:green_bed":7,"sophisticatedbackpacks:backpack":1,"minecraft:porkchop":2,"ancient_elements:raw_tin":2,"tombstone:grave_dust":16,"minecraft:prismarine_crystals":4,"irons_spellbooks:alchemist_cauldron":1,"minecraft:dark_oak_planks":5,"irons_spellbooks:evocation_rune":1,"minecraft:tube_coral":1,"minecraft:arrow":51,"minecraft:rotten_flesh":50,"farmersdelight:onion":19,"minecraft:carved_pumpkin":1,"minecraft:saddle":3,"supplementaries:ash":4,"minecraft:leather_horse_armor":2,"minecraft:mutton":6,"minecraft:white_wool":4,"minecraft:cobblestone":1542,"ancient_elements:steel_chestplate":1,"ancient_elements:steel_helmet":1,"born_in_chaos_v1:corpse_maggot":12,"minecraft:feather":3,"minecraft:leather_chestplate":3,"a_man_with_plushies:peashooter_plush":1,"minecraft:cooked_beef":84,"farmersdelight:rice":5,"born_in_chaos_v1:monster_flesh":5,"minecraft:water_bucket":1,"minecraft:dark_oak_boat":7,"minecraft:red_mushroom":2,"minecraft:flint":2,"minecraft:oak_log":62,"minecraft:lily_pad":29,"jeg:scrap":6,"minecraft:golden_boots":5,"minecraft:gunpowder":5,"minecraft:map":3,"minecraft:lapis_lazuli":1,"minecraft:white_banner":1,"minecraft:dirt":220,"minecraft:lantern":4,"tombstone:gift":1,"simplehats:hatbag_epic":1,"irons_spellbooks:common_ink":1,"born_in_chaos_v1:monster_skin":7,"born_in_chaos_v1:marigolds":5,"minecraft:leather_boots":2,"bhc:red_heart":4,"minecraft:bone":76,"minecraft:apple":5,"lightmanscurrency:wallet_copper":1,"minecraft:bow":1,"minecraft:wheat_seeds":20,"jeg:shotgun_shell":72,"minecraft:raw_gold":1,"ancient_elements:steel_boots":1,"minecraft:iron_ingot":4,"a_man_with_plushies:white_sheep_plush":1,"minecraft:stone_pickaxe":8,"minecraft:cobweb":12,"simplehats:hatbag_uncommon":5,"minecraft:glass_bottle":5,"lightmanscurrency:coin_iron":16,"minecraft:oak_planks":48,"jeg:tech_trash":1,"mca:comb":3,"irons_spellbooks:legendary_ink":1,"mca:needle_and_thread":1,"born_in_chaos_v1:ethereal_spirit":1,"minecraft:spyglass":1,"minecraft:gravel":10,"jeg:pump_shotgun":1,"minecraft:sand":4,"ancient_elements:steel_leggings":1,"minecraft:lily_of_the_valley":8,"minecraft:green_carpet":4,"minecraft:dark_oak_log":191,"a_man_with_plushies:red_pikmin_plush":3,"minecraft:spruce_door":1,"minecraft:leather_helmet":6,"minecraft:bundle":3,"lightmanscurrency:coin_copper":193,"alexsmobs:raw_catfish":8,"minecraft:slime_ball":1,"minecraft:stone_axe":5,"supplementaries:bubble_blower":2,"lightmanscurrency:coin_gold":2,"minecraft:iron_helmet":3,"minecraft:bread":154,"minecraft:oak_sapling":3,"alexsmobs:maggot":1,"biomesoplenty:pink_daffodil":46,"tombstone:magic_scroll":3,"born_in_chaos_v1:rotten_fish":2,"minecraft:black_wool":2,"irons_spellbooks:uncommon_ink":2,"minecraft:stripped_dark_oak_log":4,"minecraft:coal":496},"minecraft:crafted":{"minecraft:oak_planks":192,"minecraft:raw_iron":9,"minecraft:stone_shovel":1,"minecraft:furnace":3,"mca:bouquet":2,"minecraft:iron_boots":1,"minecraft:stone_pickaxe":18,"minecraft:chest":6,"alexsmobs:cooked_catfish":4,"minecraft:dark_oak_planks":140,"minecraft:golden_sword":1,"minecraft:raw_iron_block":1,"minecraft:diamond_sword":1,"minecraft:crafting_table":6,"minecraft:iron_sword":1,"minecraft:golden_pickaxe":1,"minecraft:stone_axe":5,"minecraft:iron_pickaxe":1,"minecraft:iron_ingot":21,"minecraft:stick":80,"minecraft:stone_sword":3,"minecraft:gold_ingot":9},"minecraft:mined":{"minecraft:dark_oak_planks":5,"minecraft:spruce_planks":2,"minecraft:dark_oak_leaves":12,"minecraft:dark_oak_log":189,"minecraft:carved_pumpkin":1,"biomesoplenty:bush":1,"minecraft:allium":14,"minecraft:grass_block":32,"minecraft:oxeye_daisy":1,"farmersdelight:wild_onions":9,"farmersdelight:wild_rice":5,"minecraft:iron_ore":27,"ancient_elements:tin_ore":3,"biomesoplenty:high_grass":2,"minecraft:vine":1,"minecraft:lantern":3,"minecraft:blue_orchid":15,"minecraft:stone":911,"sophisticatedbackpacks:backpack":1,"minecraft:spruce_slab":1,"minecraft:green_bed":3,"jeg:scrap_ore":3,"born_in_chaos_v1:marigolds":2,"irons_spellbooks:alchemist_cauldron":1,"minecraft:lily_of_the_valley":8,"minecraft:stripped_dark_oak_log":1,"minecraft:crafting_table":2,"minecraft:chest":2,"a_man_with_plushies:yellow_pikmin_plush":1,"supplementaries:wild_flax":1,"minecraft:copper_ore":6,"biomesoplenty:high_grass_plant":4,"minecraft:cobblestone":8,"minecraft:tall_grass":8,"minecraft:lily_pad":3,"minecraft:oak_planks":2,"biomesoplenty:pink_daffodil":45,"biomesoplenty:clover":2,"minecraft:grass":29,"minecraft:oak_log":55,"minecraft:coal_ore":362,"minecraft:gravel":11,"minecraft:sand":5,"minecraft:dirt":27,"minecraft:cracked_stone_bricks":1,"minecraft:stone_bricks":1,"minecraft:oak_leaves":20},"minecraft:broken":{"minecraft:iron_leggings":1,"minecraft:leather_chestplate":1,"minecraft:stone_pickaxe":10,"minecraft:golden_sword":1,"minecraft:chainmail_chestplate":1,"minecraft:leather_boots":1,"minecraft:stone_axe":1,"minecraft:iron_helmet":1},"minecraft:used":{"minecraft:stone_sword":122,"minecraft:stone_shovel":27,"minecraft:chest":9,"minecraft:stone":3,"jeg:pump_shotgun":1,"minecraft:torch":6,"minecraft:dirt":57,"minecraft:chainmail_chestplate":1,"minecraft:dark_oak_planks":117,"minecraft:golden_sword":32,"minecraft:dark_oak_boat":3,"minecraft:furnace":3,"tombstone:gift":2,"minecraft:cooked_beef":23,"alexsmobs:cooked_catfish":4,"minecraft:stone_pickaxe":1427,"minecraft:oak_planks":17,"minecraft:leather_chestplate":2,"minecraft:crafting_table":10,"shieldexp:iron_shield":2,"minecraft:oak_log":4,"minecraft:dark_oak_log":1,"minecraft:bread":47,"minecraft:stone_axe":254,"minecraft:cobblestone":107}},"DataVersion":3465}