{"stats":{"minecraft:crafted":{"minecraft:furnace":3,"minecraft:cooked_mutton":4,"minecraft:iron_boots":1,"minecraft:stone_pickaxe":11,"minecraft:cooked_porkchop":4,"variantvanillablocks:spruce_crafting_table":2,"minecraft:spruce_planks":56,"minecraft:wooden_pickaxe":3,"minecraft:iron_helmet":1,"minecraft:iron_sword":1,"minecraft:copper_ingot":142,"sophisticatedbackpacks:gold_backpack":1,"minecraft:stone_axe":2,"ancient_elements:tin_ingot":35,"ancient_elements:tin_sword":1,"minecraft:air":0,"biomesoplenty:fir_planks":28,"minecraft:iron_chestplate":1,"ancient_elements:lead_ingot":29,"minecraft:stick":104,"minecraft:iron_ingot":126,"minecraft:iron_pickaxe":1,"minecraft:stone_sword":7,"minecraft:iron_leggings":1,"minecraft:gold_ingot":16,"minecraft:torch":176,"create:zinc_ingot":10},"minecraft:used":{"minecraft:iron_shovel":12,"create:limestone":5,"minecraft:stone_sword":128,"gobber2:gobber2_goo":3,"minecraft:white_tulip":2,"born_in_chaos_v1:intoxicating_decoction":1,"gobber2:gobber2_gooey_bread":7,"minecraft:spruce_planks":1,"jeg:pump_shotgun":40,"minecraft:torch":241,"minecraft:dirt":72,"ancient_elements:cloud":2,"ancient_elements:steel_pickaxe":105,"variantvanillablocks:spruce_crafting_table":15,"gobber2:gobber2_gooey_beef":1,"ancient_elements:tin_sword":189,"minecraft:furnace":15,"tombstone:gift":1,"minecraft:cooked_beef":43,"minecraft:cobbled_deepslate":96,"minecraft:diorite":34,"minecraft:stone_pickaxe":1394,"create:crimsite":14,"minecraft:wooden_pickaxe":37,"artifacts:eternal_steak":8,"minecraft:red_bed":1,"minecraft:mud":1,"ancient_elements:steel_sword":170,"minecraft:cornflower":1,"minecraft:bread":6,"minecraft:iron_pickaxe":480,"minecraft:stone_axe":10,"minecraft:cobblestone":315,"minecraft:cooked_porkchop":4,"minecraft:andesite":9,"alexsmobs:animal_dictionary":3},"minecraft:picked_up":{"minecraft:mud":31,"ancient_elements:steel_pickaxe":1,"born_in_chaos_v1:seedof_chaos":2,"simplehats:hatbag_rare":1,"minecraft:leather_leggings":2,"artifacts:bunny_hoppers":1,"ancient_elements:cloud":4,"simplehats:rgbushanka":1,"minecraft:wooden_pickaxe":3,"ancient_elements:raw_palladium":2,"minecraft:cornflower":1,"minecraft:string":7,"minecraft:red_bed":2,"minecraft:raw_copper":136,"create:limestone":69,"variantvanillablocks:spruce_crafting_table":14,"born_in_chaos_v1:intoxicating_decoction":2,"minecraft:gold_nugget":10,"minecraft:cobbled_deepslate":162,"ancient_elements:steel_sword":1,"minecraft:white_tulip":1,"born_in_chaos_v1:gnawed_bones":1,"minecraft:calcite":15,"minecraft:iron_nugget":60,"minecraft:poppy":3,"minecraft:iron_pickaxe":1,"minecraft:iron_boots":1,"minecraft:furnace":16,"minecraft:raw_iron":156,"minecraft:stick":6,"born_in_chaos_v1:shattered_skull":2,"simplehats:hatbag_common":5,"simplehats:bigbrain":1,"minecraft:torch":102,"minecraft:porkchop":4,"ancient_elements:raw_tin":54,"tombstone:grave_dust":3,"minecraft:diorite":64,"born_in_chaos_v1:pieceofdarkmetal":1,"minecraft:redstone":119,"simplehats:camerabeard":1,"lightmanscurrency:coin_emerald":3,"minecraft:stone_sword":2,"simplehats:policesiren":1,"minecraft:arrow":12,"minecraft:rotten_flesh":60,"create:asurine":62,"artifacts:cross_necklace":1,"supplementaries:ash":72,"minecraft:obsidian":9,"minecraft:mutton":4,"minecraft:skeleton_skull":1,"minecraft:white_wool":2,"minecraft:cobblestone":549,"born_in_chaos_v1:fused_bone":2,"born_in_chaos_v1:corpse_maggot":5,"minecraft:leather_chestplate":2,"ancient_elements:steel_chestplate":1,"born_in_chaos_v1:monster_flesh":5,"minecraft:cooked_beef":64,"ancient_elements:steel_helmet":1,"artifacts:eternal_steak":1,"minecraft:andesite":48,"biomesoplenty:glowshroom":1,"minecraft:flint":2,"biomesoplenty:fir_log":7,"minecraft:oak_log":1,"ancient_elements:raw_lead":37,"minecraft:tuff":6,"create:raw_zinc":13,"simplehats:kirbymouthful":1,"supplementaries:flax_seeds":1,"jeg:scrap":142,"minecraft:gunpowder":2,"minecraft:lapis_lazuli":73,"minecraft:dirt":110,"tombstone:gift":1,"biomesoplenty:glowing_moss_carpet":3,"simplehats:hatbag_epic":3,"born_in_chaos_v1:monster_skin":4,"minecraft:leather_boots":2,"bhc:red_heart":3,"simplehats:magikarp":1,"minecraft:bone":65,"lightmanscurrency:wallet_copper":1,"minecraft:bow":3,"gobber2:gobber2_gooey_beef":1,"minecraft:wheat_seeds":2,"jeg:shotgun_shell":64,"minecraft:raw_gold":47,"tombstone:bag_of_seeds":1,"artifacts:whoopee_cushion":3,"ancient_elements:steel_boots":1,"gobber2:gobber2_globette":7,"simplehats:hatbag_uncommon":2,"lightmanscurrency:coin_iron":63,"gobber2:gobber2_gooey_bread":7,"jeg:tech_trash":10,"minecraft:sweet_berries":49,"born_in_chaos_v1:ethereal_spirit":4,"jeg:pump_shotgun":1,"minecraft:spruce_sapling":1,"sophisticatedbackpacks:iron_backpack":1,"minecraft:spruce_log":14,"artifacts:scarf_of_invisibility":2,"minecraft:spider_eye":2,"minecraft:leather_helmet":2,"lightmanscurrency:coin_copper":173,"minecraft:bundle":4,"ancient_elements:steel_leggings":1,"create:crimsite":78,"minecraft:slime_ball":2,"minecraft:diamond":8,"lightmanscurrency:coin_gold":5,"minecraft:iron_helmet":1,"minecraft:granite":7,"minecraft:emerald":11,"tombstone:magic_scroll":2,"minecraft:netherrack":2,"minecraft:coal":752,"gobber2:gobber2_goo":5,"minecraft:ender_pearl":1},"minecraft:killed_by":{"minecraft:zombie":1},"minecraft:mined":{"create:deepslate_zinc_ore":13,"minecraft:tuff":11,"ancient_elements:lead_ore":36,"minecraft:deepslate_diamond_ore":8,"minecraft:granite":7,"minecraft:grass_block":9,"gobber2:gobber2_lucky_block":3,"minecraft:spruce_leaves":3,"minecraft:furnace":15,"minecraft:iron_ore":102,"minecraft:cobbled_deepslate":6,"minecraft:andesite":30,"ancient_elements:tin_ore":23,"minecraft:deepslate_lapis_ore":12,"create:asurine":63,"minecraft:deepslate_iron_ore":54,"ancient_elements:palladium_ore":2,"biomesoplenty:webbing":1,"variantvanillablocks:spruce_crafting_table":14,"biomesoplenty:spider_egg":3,"minecraft:stone":523,"create:limestone":71,"minecraft:deepslate_redstone_ore":32,"jeg:scrap_ore":22,"minecraft:red_bed":2,"biomesoplenty:glowworm_silk":2,"biomesoplenty:glowing_moss_carpet":1,"minecraft:cornflower":1,"minecraft:torch":16,"minecraft:calcite":15,"ancient_elements:cloud":3,"ancient_elements:deepslate_tin_ore":31,"minecraft:copper_ore":36,"minecraft:cobblestone":39,"minecraft:deepslate_coal_ore":2,"biomesoplenty:sprout":1,"minecraft:deepslate_gold_ore":40,"minecraft:lapis_ore":2,"minecraft:diorite":49,"minecraft:wall_torch":10,"supplementaries:urn":30,"jeg:deepslate_scrap_ore":43,"minecraft:mud":31,"minecraft:grass":1,"minecraft:spruce_log":14,"biomesoplenty:maple_leaves":3,"gobber2:gobber2_lucky_block_deepslate":13,"biomesoplenty:fir_log":7,"minecraft:coal_ore":382,"minecraft:gravel":5,"minecraft:dirt":35,"create:crimsite":79,"minecraft:oak_leaves":3,"minecraft:deepslate":139},"minecraft:broken":{"minecraft:stone_sword":1,"minecraft:stone_pickaxe":10,"minecraft:iron_pickaxe":2,"minecraft:iron_helmet":1,"ancient_elements:tin_sword":1},"minecraft:custom":{"minecraft:mob_kills":107,"minecraft:interact_with_crafting_table":28,"minecraft:open_barrel":17,"minecraft:damage_dealt_resisted":3089,"minecraft:leave_game":9,"minecraft:time_since_death":283755,"minecraft:climb_one_cm":549,"minecraft:sprint_one_cm":427078,"minecraft:walk_one_cm":557180,"minecraft:drop":118,"minecraft:play_time":302542,"minecraft:sneak_time":25785,"minecraft:deaths":2,"minecraft:walk_under_water_one_cm":29996,"minecraft:jump":4258,"minecraft:interact_with_blast_furnace":1,"minecraft:walk_on_water_one_cm":28515,"minecraft:total_world_time":302542,"minecraft:interact_with_furnace":135,"tombstone:raider_killed":1,"minecraft:sleep_in_bed":4,"minecraft:waystone_activated":1,"minecraft:time_since_rest":140889,"minecraft:damage_taken":5929,"minecraft:trigger_trapped_chest":1,"minecraft:damage_dealt":19471,"minecraft:swim_one_cm":90147,"minecraft:fly_one_cm":664706,"minecraft:open_chest":16,"minecraft:crouch_one_cm":71547,"tombstone:undead_killed":62,"minecraft:fall_one_cm":145113,"minecraft:interact_with_smoker":1},"minecraft:killed":{"born_in_chaos_v1:zombie_clown":1,"minecraft:cave_spider":3,"born_in_chaos_v1:zombie_lumberjack":1,"born_in_chaos_v1:restless_spirit":1,"minecraft:spider":4,"born_in_chaos_v1:siamese_skeletonsright":1,"born_in_chaos_v1:zombie_bruiser":4,"minecraft:phantom":1,"born_in_chaos_v1:baby_skeleton_minion":6,"born_in_chaos_v1:maggot":5,"born_in_chaos_v1:scarlet_persecutor":1,"minecraft:skeleton":12,"minecraft:chicken":1,"born_in_chaos_v1:skeleton_thrasher":2,"born_in_chaos_v1:corpse_fish":4,"minecraft:drowned":1,"artifacts:mimic":2,"born_in_chaos_v1:fallen_chaos_knight":1,"born_in_chaos_v1:bonescaller":2,"minecraft:pig":2,"born_in_chaos_v1:baby_skeleton":4,"born_in_chaos_v1:swarmer":1,"minecraft:creeper":1,"minecraft:squid":1,"born_in_chaos_v1:decrepit_skeleton":7,"minecraft:sheep":2,"alexsmobs:cockroach":1,"minecraft:zombie":17,"born_in_chaos_v1:dread_hound":6,"born_in_chaos_v1:corpse_fly":7,"born_in_chaos_v1:siamese_skeletonsleft":1,"minecraft:enderman":2},"minecraft:dropped":{"minecraft:lapis_lazuli":9,"born_in_chaos_v1:intoxicating_decoction":1,"minecraft:wheat_seeds":2,"minecraft:oak_log":1,"minecraft:glass_bottle":1,"minecraft:iron_helmet":1,"minecraft:feather":2,"minecraft:cobblestone":2,"artifacts:whoopee_cushion":2,"minecraft:leather":3,"minecraft:granite":7,"ancient_elements:raw_lead":8,"minecraft:coal":64,"minecraft:leather_helmet":2,"minecraft:stick":1,"born_in_chaos_v1:monster_flesh":1,"minecraft:dirt":7,"minecraft:diorite":30,"born_in_chaos_v1:monster_skin":1,"born_in_chaos_v1:fused_bone":2,"minecraft:iron_leggings":1,"minecraft:pumpkin":12,"biomesoplenty:glowshroom":1,"minecraft:iron_shovel":1,"minecraft:paper":11,"minecraft:string":7,"minecraft:white_wool":2,"minecraft:spruce_sapling":1,"minecraft:bone":14,"minecraft:stone_axe":2,"alexsmobs:animal_dictionary":1,"minecraft:stone_sword":8,"minecraft:raw_copper":2,"minecraft:tuff":6,"minecraft:beetroot":8,"minecraft:rotten_flesh":65,"minecraft:iron_boots":2,"biomesoplenty:glowing_moss_carpet":3,"minecraft:poppy":4,"minecraft:leather_chestplate":2,"supplementaries:flax_seeds":1,"supplementaries:ash":45,"minecraft:gunpowder":2,"minecraft:bundle":4,"minecraft:iron_chestplate":1,"minecraft:andesite":39,"born_in_chaos_v1:corpse_maggot":5,"minecraft:leather_boots":2,"simplehats:camerabeard":1,"minecraft:leather_leggings":2,"minecraft:spider_eye":5,"minecraft:arrow":6,"minecraft:bow":3,"minecraft:stone_pickaxe":1,"minecraft:wooden_pickaxe":6,"artifacts:scarf_of_invisibility":1,"minecraft:netherrack":2}},"DataVersion":3465}